{
  "model": "/root/autodl-tmp/huggingface/Qwen3.6-27b-gptq-int4",
  "mtp_model": "/root/autodl-tmp/huggingface/Qwen3.6-27B-mtp",
  "workload": {
    "input_len": 128,
    "output_len": 32,
    "num_requests": 16,
    "concurrency": [
      4,
      6,
      8
    ],
    "max_num_batched_tokens": 128,
    "closed_loop": true,
    "greedy": true,
    "ignore_eos": true,
    "prompt_source": "built-in natural prompts"
  },
  "methodology": {
    "warmup_requests": "2 * concurrency",
    "warmup_output_len": 16,
    "timed_repeats": 1,
    "winner_metric": "output_token_per_s",
    "tokenization_in_timing": false,
    "engine_reused_across_concurrency": true,
    "ttft_slo_ms": null,
    "tpot_slo_ms": null,
    "require_exact_output": false
  },
  "cases": [
    {
      "k": 2,
      "init_seconds": 22.339144002646208,
      "requested_max_num_seqs": 8,
      "active_request_capacity": 8,
      "delta_state_capacity": 8,
      "delta_state_bytes_per_request": 309854208,
      "kv_cache_blocks": 18,
      "kv_cache_token_capacity": 4608,
      "measurements": [
        {
          "k": 2,
          "concurrency": 4,
          "repeats": 1,
          "requests": 16,
          "output_tokens": 512,
          "duration_s": [
            34.404220934957266
          ],
          "request_per_s": 0.46505921556104185,
          "output_token_per_s": 14.88189489795334,
          "goodput_request_per_s": null,
          "latency_ms": {
            "ttft": {
              "mean": 1919.9317439924926,
              "p50": 644.1253926604986,
              "p95": 7938.563959673047,
              "p99": 15444.534042850133,
              "max": 17321.02656364441
            },
            "tpot": {
              "mean": 213.6012489922465,
              "p50": 104.2141612138479,
              "p95": 622.7554226774843,
              "p99": 622.8440670176379,
              "max": 622.8662281026764
            },
            "e2e": {
              "mean": 8541.570462752134,
              "p50": 5806.39860406518,
              "p95": 19778.988749720156,
              "p99": 19856.24088663608,
              "max": 19875.55392086506
            }
          },
          "steps": 60,
          "max_active_requests": 4,
          "preemptions": 0,
          "output_hashes": [
            "cefb0f686ba4a032ed9ebe36b128167167946c0c8189eaede4733cca7f17c584"
          ],
          "repeat_outputs_match": true,
          "speculative": {
            "drafted": 420,
            "proposed": 388,
            "accepted": 320,
            "rejected": 68,
            "bonus": 150,
            "verification_rounds": 194,
            "accepted_position_1": 170,
            "accepted_position_2": 150,
            "accepted_position_3": 0,
            "acceptance_rate": 0.8247422680412371,
            "average_accepted_length": 1.6494845360824741,
            "position_acceptance_rate": {
              "1": 0.8762886597938144,
              "2": 0.7731958762886598,
              "3": 0.0
            }
          }
        },
        {
          "k": 2,
          "concurrency": 6,
          "repeats": 1,
          "requests": 16,
          "output_tokens": 512,
          "duration_s": [
            36.42390060797334
          ],
          "request_per_s": 0.43927200911858233,
          "output_token_per_s": 14.056704291794635,
          "goodput_request_per_s": null,
          "latency_ms": {
            "ttft": {
              "mean": 2322.3888389766216,
              "p50": 670.7863360643387,
              "p95": 13364.940661936998,
              "p99": 13443.394211679697,
              "max": 13463.007599115372
            },
            "tpot": {
              "mean": 328.3690553113458,
              "p50": 491.805270194046,
              "p95": 523.0013596254491,
              "p99": 524.8524516400311,
              "max": 525.3152246436765
            },
            "e2e": {
              "mean": 12501.82955362834,
              "p50": 15953.367039561272,
              "p95": 17462.943552061915,
              "p99": 17562.738450989127,
              "max": 17587.68717572093
            }
          },
          "steps": 45,
          "max_active_requests": 6,
          "preemptions": 0,
          "output_hashes": [
            "b8104272f63c8bc64a93de29bb34e3cbdd53e438160262722115d0df6ec98efe"
          ],
          "repeat_outputs_match": true,
          "speculative": {
            "drafted": 416,
            "proposed": 384,
            "accepted": 321,
            "rejected": 63,
            "bonus": 152,
            "verification_rounds": 192,
            "accepted_position_1": 169,
            "accepted_position_2": 152,
            "accepted_position_3": 0,
            "acceptance_rate": 0.8359375,
            "average_accepted_length": 1.671875,
            "position_acceptance_rate": {
              "1": 0.8802083333333334,
              "2": 0.7916666666666666,
              "3": 0.0
            }
          }
        },
        {
          "k": 2,
          "concurrency": 8,
          "repeats": 1,
          "requests": 16,
          "output_tokens": 512,
          "duration_s": [
            48.736760292202234
          ],
          "request_per_s": 0.3282942875987586,
          "output_token_per_s": 10.505417203160276,
          "goodput_request_per_s": null,
          "latency_ms": {
            "ttft": {
              "mean": 3510.31452906318,
              "p50": 1018.9670007675886,
              "p95": 14599.284199997783,
              "p99": 15340.640043839812,
              "max": 15525.97900480032
            },
            "tpot": {
              "mean": 662.2334148569573,
              "p50": 534.9775068461895,
              "p95": 966.2329735414635,
              "p99": 967.2116483050969,
              "max": 967.4563169960053
            },
            "e2e": {
              "mean": 24039.550389628857,
              "p50": 23779.105056077242,
              "p95": 31464.10569176078,
              "p99": 31644.093995541334,
              "max": 31689.091071486473
            }
          },
          "steps": 35,
          "max_active_requests": 8,
          "preemptions": 0,
          "output_hashes": [
            "6616bbaa337ab84c37e51127619338e87c785343856c1e0dfdf6463363a9d74f"
          ],
          "repeat_outputs_match": true,
          "speculative": {
            "drafted": 416,
            "proposed": 384,
            "accepted": 322,
            "rejected": 62,
            "bonus": 152,
            "verification_rounds": 192,
            "accepted_position_1": 170,
            "accepted_position_2": 152,
            "accepted_position_3": 0,
            "acceptance_rate": 0.8385416666666666,
            "average_accepted_length": 1.6770833333333333,
            "position_acceptance_rate": {
              "1": 0.8854166666666666,
              "2": 0.7916666666666666,
              "3": 0.0
            }
          }
        }
      ],
      "skipped": []
    },
    {
      "k": 3,
      "init_seconds": 18.868762373924255,
      "requested_max_num_seqs": 8,
      "active_request_capacity": 8,
      "delta_state_capacity": 8,
      "delta_state_bytes_per_request": 309854208,
      "kv_cache_blocks": 31,
      "kv_cache_token_capacity": 7936,
      "measurements": [
        {
          "k": 3,
          "concurrency": 4,
          "repeats": 1,
          "requests": 16,
          "output_tokens": 512,
          "duration_s": [
            17.157291296869516
          ],
          "request_per_s": 0.9325481349680953,
          "output_token_per_s": 29.84154031897905,
          "goodput_request_per_s": null,
          "latency_ms": {
            "ttft": {
              "mean": 847.5612779147923,
              "p50": 582.6572272926569,
              "p95": 2050.871324725449,
              "p99": 4171.256204880772,
              "max": 4701.352424919605
            },
            "tpot": {
              "mean": 107.32477080197104,