{
  "model": "/root/autodl-tmp/huggingface/Qwen3.6-27b-gptq-int4",
  "mtp_model": "/root/autodl-tmp/huggingface/Qwen3.6-27B-mtp",
  "workload": {
    "input_len": 128,
    "output_len": 32,
    "num_requests": 16,
    "concurrency": [
      4,
      6,
      8
    ],
    "max_num_batched_tokens": 512,
    "closed_loop": true,
    "greedy": true,
    "ignore_eos": true,
    "prompt_source": "built-in natural prompts"
  },
  "methodology": {
    "warmup_requests": "2 * concurrency",
    "warmup_output_len": 16,
    "timed_repeats": 1,
    "winner_metric": "output_token_per_s",
    "tokenization_in_timing": false,
    "engine_reused_across_concurrency": true,
    "ttft_slo_ms": null,
    "tpot_slo_ms": null,
    "require_exact_output": false
  },
  "cases": [
    {
      "k": 2,
      "init_seconds": 24.45693702623248,
      "requested_max_num_seqs": 8,
      "active_request_capacity": 8,
      "delta_state_capacity": 8,
      "delta_state_bytes_per_request": 309854208,
      "kv_cache_blocks": 18,
      "kv_cache_token_capacity": 4608,
      "measurements": [
        {
          "k": 2,
          "concurrency": 4,
          "repeats": 1,
          "requests": 16,
          "output_tokens": 512,
          "duration_s": [
            26.214801993221045
          ],
          "request_per_s": 0.6103422030094862,
          "output_token_per_s": 19.530950496303557,
          "goodput_request_per_s": null,
          "latency_ms": {
            "ttft": {
              "mean": 1958.295522723347,
              "p50": 299.0478929132223,
              "p95": 13655.685680918396,
              "p99": 13655.69325145334,
              "max": 13655.695144087076
            },
            "tpot": {
              "mean": 147.15813580269534,
              "p50": 102.13754073746742,
              "p95": 526.0065259832528,
              "p99": 550.3192421769903,
              "max": 556.3974212254248
            },
            "e2e": {
              "mean": 6520.197732606903,
              "p50": 3611.710200086236,
              "p95": 16592.944256030023,
              "p99": 17356.48136269301,
              "max": 17547.36563935876
            }
          },
          "steps": 54,
          "max_active_requests": 4,
          "preemptions": 0,
          "output_hashes": [
            "8c6907510b921e40ed9a891dd9da85a46184fe590dd4de11994e45ca0808cca7"
          ],
          "repeat_outputs_match": true,
          "speculative": {
            "drafted": 428,
            "proposed": 396,
            "accepted": 314,
            "rejected": 82,
            "bonus": 145,
            "verification_rounds": 198,
            "accepted_position_1": 169,
            "accepted_position_2": 145,
            "accepted_position_3": 0,
            "acceptance_rate": 0.7929292929292929,
            "average_accepted_length": 1.5858585858585859,
            "position_acceptance_rate": {
              "1": 0.8535353535353535,
              "2": 0.7323232323232324,
              "3": 0.0
            }
          }
        },
        {
          "k": 2,
          "concurrency": 6,
          "repeats": 1,
          "requests": 16,
          "output_tokens": 512,
          "duration_s": [
            27.963539391756058
          ],
          "request_per_s": 0.5721736356706321,
          "output_token_per_s": 18.309556341460226,
          "goodput_request_per_s": null,
          "latency_ms": {
            "ttft": {
              "mean": 2356.613429496065,
              "p50": 430.546335875988,
              "p95": 13783.62100198865,
              "p99": 13783.628503233194,
              "max": 13783.63037854433
            },
            "tpot": {
              "mean": 224.42630797834886,
              "p50": 178.77997542100567,
              "p95": 523.5467592795048,
              "p99": 538.9349707913013,
              "max": 542.7820236692505
            },
            "e2e": {
              "mean": 9313.82897682488,
              "p50": 8197.142582386732,
              "p95": 16667.01848246157,
              "p99": 17374.767204001546,
              "max": 17551.70438438654
            }
          },
          "steps": 40,
          "max_active_requests": 6,
          "preemptions": 0,
          "output_hashes": [
            "31d41de6df9a75777561bf9f74d62e7cd893b57217f20aec26184b2ebf57dd5d"
          ],
          "repeat_outputs_match": true,
          "speculative": {
            "drafted": 422,
            "proposed": 390,
            "accepted": 318,
            "rejected": 72,
            "bonus": 149,
            "verification_rounds": 195,
            "accepted_position_1": 169,
            "accepted_position_2": 149,
            "accepted_position_3": 0,
            "acceptance_rate": 0.8153846153846154,
            "average_accepted_length": 1.6307692307692307,
            "position_acceptance_rate": {
              "1": 0.8666666666666667,
              "2": 0.764102564102564,
              "3": 0.0
            }
          }
        },
        {
          "k": 2,
          "concurrency": 8,
          "repeats": 1,
          "requests": 16,
          "output_tokens": 512,
          "duration_s": [
            21.32378749921918
          ],
          "request_per_s": 0.7503357459637917,
          "output_token_per_s": 24.010743870841335,
          "goodput_request_per_s": null,
          "latency_ms": {
            "ttft": {
              "mean": 2977.5470341555774,
              "p50": 331.96718618273735,
              "p95": 14037.939544767141,
              "p99": 14037.941458076239,
              "max": 14037.941936403513
            },
            "tpot": {
              "mean": 241.38579178871888,
              "p50": 108.05976198565575,
              "p95": 556.2814829510546,
              "p99": 558.81584449521,
              "max": 559.4494348812487
            },
            "e2e": {
              "mean": 10460.506579605862,
              "p50": 10287.379005923867,
              "p95": 17570.214530453086,
              "p99": 17633.21568183601,
              "max": 17648.96596968174
            }
          },
          "steps": 30,
          "max_active_requests": 8,
          "preemptions": 0,
          "output_hashes": [
            "88d6fcb22257e1c937cc0211478b8f4d3f8ba2a9bd2e7a8408155935f02bf091"
          ],
          "repeat_outputs_match": true,
          "speculative": {
            "drafted": 422,
            "proposed": 390,
            "accepted": 317,
            "rejected": 73,
            "bonus": 148,
            "verification_rounds": 195,
            "accepted_position_1": 169,
            "accepted_position_2": 148,
            "accepted_position_3": 0,
            "acceptance_rate": 0.8128205128205128,
            "average_accepted_length": 1.6256410256410256,
            "position_acceptance_rate": {
              "1": 0.8666666666666667,
              "2": 0.7589743589743589,
              "3": 0.0
            }
          }
        }
      ],
      "skipped": []
    },
    {
      "k": 3,
      "init_seconds": 17.940315552055836,
      "requested_max_num_seqs": 8,
      "active_request_capacity": 8,
      "delta_state_capacity": 8,
      "delta_state_bytes_per_request": 309854208,
      "kv_cache_blocks": 31,
      "kv_cache_token_capacity": 7936,
      "measurements": [
        {
          "k": 3,
          "concurrency": 4,
          "repeats": 1,
          "requests": 16,
          "output_tokens": 512,
          "duration_s": [
            43.3235455788672
          ],
          "request_per_s": 0.36931418669031196,
          "output_token_per_s": 11.818053974089983,
          "goodput_request_per_s": null,
          "latency_ms": {
            "ttft": {
              "mean": 4501.723346533254,
              "p50": 302.9776010662317,
              "p95": 13784.897979348898,
              "p99": 13784.905990213156,
              "max": 13784.90799292922
            },
            "tpot": {
              "mean": 199.77249899849056,