{
  "model": "/root/autodl-tmp/huggingface/Qwen3.6-27b-gptq-int4",
  "mtp_model": "/root/autodl-tmp/huggingface/Qwen3.6-27B-mtp",
  "workload": {
    "input_len": 128,
    "output_len": 32,
    "num_requests": 16,
    "concurrency": [
      4,
      6,
      8
    ],
    "max_num_batched_tokens": 256,
    "closed_loop": true,
    "greedy": true,
    "ignore_eos": true,
    "prompt_source": "built-in natural prompts"
  },
  "methodology": {
    "warmup_requests": "2 * concurrency",
    "warmup_output_len": 16,
    "timed_repeats": 1,
    "winner_metric": "output_token_per_s",
    "tokenization_in_timing": false,
    "engine_reused_across_concurrency": true,
    "ttft_slo_ms": null,
    "tpot_slo_ms": null,
    "require_exact_output": false
  },
  "cases": [
    {
      "k": 2,
      "init_seconds": 24.098069164901972,
      "requested_max_num_seqs": 8,
      "active_request_capacity": 8,
      "delta_state_capacity": 8,
      "delta_state_bytes_per_request": 309854208,
      "kv_cache_blocks": 18,
      "kv_cache_token_capacity": 4608,
      "measurements": [
        {
          "k": 2,
          "concurrency": 4,
          "repeats": 1,
          "requests": 16,
          "output_tokens": 512,
          "duration_s": [
            13.655482683330774
          ],
          "request_per_s": 1.1716905488468141,
          "output_token_per_s": 37.49409756309805,
          "goodput_request_per_s": null,
          "latency_ms": {
            "ttft": {
              "mean": 357.2752820327878,
              "p50": 296.21671885252,
              "p95": 600.0944022089243,
              "p99": 625.3826577216387,
              "max": 631.7047215998173
            },
            "tpot": {
              "mean": 96.60941422466308,
              "p50": 99.12739333606535,
              "p95": 118.95765006662377,
              "p99": 120.42239755992928,
              "max": 120.78858443325565
            },
            "e2e": {
              "mean": 3352.1671229973435,
              "p50": 3303.6280926316977,
              "p95": 4041.8260265141726,
              "p99": 4041.833746805787,
              "max": 4041.8356768786907
            }
          },
          "steps": 57,
          "max_active_requests": 4,
          "preemptions": 0,
          "output_hashes": [
            "b9eec97f341bcf050e51383ec1ae6b29488cb6e0a67f8427ce730483ce6d8f64"
          ],
          "repeat_outputs_match": true,
          "speculative": {
            "drafted": 432,
            "proposed": 400,
            "accepted": 316,
            "rejected": 84,
            "bonus": 146,
            "verification_rounds": 200,
            "accepted_position_1": 170,
            "accepted_position_2": 146,
            "accepted_position_3": 0,
            "acceptance_rate": 0.79,
            "average_accepted_length": 1.58,
            "position_acceptance_rate": {
              "1": 0.85,
              "2": 0.73,
              "3": 0.0
            }
          }
        },
        {
          "k": 2,
          "concurrency": 6,
          "repeats": 1,
          "requests": 16,
          "output_tokens": 512,
          "duration_s": [
            22.64334663003683
          ],
          "request_per_s": 0.7066093303882781,
          "output_token_per_s": 22.6114985724249,
          "goodput_request_per_s": null,
          "latency_ms": {
            "ttft": {
              "mean": 1247.6400225423276,
              "p50": 593.8236322253942,
              "p95": 4699.113558977842,
              "p99": 4722.151150554419,
              "max": 4727.910548448563
            },
            "tpot": {
              "mean": 214.48545428293366,
              "p50": 213.226972628505,
              "p95": 374.3530090357507,
              "p99": 374.4737111092095,
              "max": 374.5038866275741
            },
            "e2e": {
              "mean": 7896.689105313271,
              "p50": 7204.0401846170425,
              "p95": 13226.456943899393,
              "p99": 15671.301708370445,
              "max": 16282.51289948821
            }
          },
          "steps": 42,
          "max_active_requests": 6,
          "preemptions": 0,
          "output_hashes": [
            "3de0b10c26d50ed0c6d6a6d37e0d7da65961eea7a4e91cfc52cc4013ae5de6d6"
          ],
          "repeat_outputs_match": true,
          "speculative": {
            "drafted": 424,
            "proposed": 392,
            "accepted": 318,
            "rejected": 74,
            "bonus": 147,
            "verification_rounds": 196,
            "accepted_position_1": 171,
            "accepted_position_2": 147,
            "accepted_position_3": 0,
            "acceptance_rate": 0.8112244897959183,
            "average_accepted_length": 1.6224489795918366,
            "position_acceptance_rate": {
              "1": 0.8724489795918368,
              "2": 0.75,
              "3": 0.0
            }
          }
        },
        {
          "k": 2,
          "concurrency": 8,
          "repeats": 1,
          "requests": 16,
          "output_tokens": 512,
          "duration_s": [
            16.667560808360577
          ],
          "request_per_s": 0.9599485002013178,
          "output_token_per_s": 30.71835200644217,
          "goodput_request_per_s": null,
          "latency_ms": {
            "ttft": {
              "mean": 1380.5358461104333,
              "p50": 637.3700965195894,
              "p95": 5012.886417098343,
              "p99": 5060.370173491538,
              "max": 5072.241112589836
            },
            "tpot": {
              "mean": 219.29903926267738,
              "p50": 238.07993603329504,
              "p95": 395.28240341572996,
              "p99": 395.4772447025584,
              "max": 395.5259550242655
            },
            "e2e": {
              "mean": 8178.8060632534325,
              "p50": 8333.742650225759,
              "p95": 12561.268854886293,
              "p99": 12567.105520516634,
              "max": 12568.56468692422
            }
          },
          "steps": 30,
          "max_active_requests": 8,
          "preemptions": 0,
          "output_hashes": [
            "09b1209c87ded53ddf9b178bd80930934759c002ab5ab3ef1aefe8b958eb7f25"
          ],
          "repeat_outputs_match": true,
          "speculative": {
            "drafted": 420,
            "proposed": 388,
            "accepted": 322,
            "rejected": 66,
            "bonus": 152,
            "verification_rounds": 194,
            "accepted_position_1": 170,
            "accepted_position_2": 152,
            "accepted_position_3": 0,
            "acceptance_rate": 0.8298969072164949,
            "average_accepted_length": 1.6597938144329898,
            "position_acceptance_rate": {
              "1": 0.8762886597938144,
              "2": 0.7835051546391752,
              "3": 0.0
            }
          }
        }
      ],
      "skipped": []
    },
    {
      "k": 3,
      "init_seconds": 22.603910718113184,
      "requested_max_num_seqs": 8,
      "active_request_capacity": 8,
      "delta_state_capacity": 8,
      "delta_state_bytes_per_request": 309854208,
      "kv_cache_blocks": 31,
      "kv_cache_token_capacity": 7936,
      "measurements": [
        {
          "k": 3,
          "concurrency": 4,
          "repeats": 1,
          "requests": 16,
          "output_tokens": 512,
          "duration_s": [
            12.442934546619654
          ],
          "request_per_s": 1.285870301740572,
          "output_token_per_s": 41.1478496556983,
          "goodput_request_per_s": null,
          "latency_ms": {
            "ttft": {
              "mean": 323.9987939596176,
              "p50": 293.68228651583195,
              "p95": 610.5944877490401,
              "p99": 628.0132783576846,
              "max": 632.3679760098457
            },
            "tpot": {
              "mean": 87.6263533268244,
              "p50": 86.84967728632111,
              "p95": 106.76367286472552,